"Column_Names","Sums","Percentage"
"Firmicutes",46364825,49.5680062195173
"Actinobacteria",21735960,23.2376203397118
"Proteobacteria",19237481,20.5665302922171
"Chlamydiae",3268808,3.49463834435713
"Bacteroidetes",1937249,2.07108665849065
"Others",993482,1.0621181457059
