"Column_Names","Sums","Percentage"
"Firmicutes",22513646,44.8163227459791
"Proteobacteria",12785473,25.4511368095599
"Actinobacteria",11445346,22.7834407752259
"Chlamydiae",1743037,3.46974047429649
"Bacteroidetes",933933,1.85911436784253
"Others",813936,1.62024482709603
