"Column_Names","Sums","Percentage"
"Firmicutes",88696157,37.455151055758
"Proteobacteria",85728368,36.2018951193524
"Actinobacteria",43626031,18.4226649308851
"Chlamydiae",6390660,2.69868665951323
"Bacteroidetes",4458847,1.88290895082989
"Others",7906236,3.33869328366134
