"Column_Names","Sums","Percentage"
"Firmicutes",165490706,39.218307415504
"Proteobacteria",144026996,34.1317959285253
"Actinobacteria",90267218,21.3916998158575
"Bacteroidetes",7297341,1.72933797656142
"Chlamydiae",7192235,1.70442975350258
"Others",7698600,1.82442911004923
